﻿population,district
748769,Adilabad
1129283,Bhadradri Kothagudem 
4164675,Hyderabad
1040732,Jagtial 
598169,Jangaon 
440157,Jayashankar Bhoopalpally
644231,Jogulamba Gadwal 
1027222,Kamareddy 
1062165,Karimnagar 
1480318,Khammam
544766,Komaram Bheem Asifabad
818027,Mahabubabad 
971541,Mahbubnagar
852339,Mancherial
810506,Medak 
2577043,Medchal 
272212,Mulugu
943453,Nagarkurnool 
1709264,Nalgonda
598695,Narayanpet
749240,Nirmal
1659209,Nizamabad
839977,Peddapalli
583025,Rajanna Sircilla 
2583583,Ranga Reddy
1613379,Sangareddy 
1068876,Siddipet
1161282,Suryapet
979184,Vikarabad
610190,Wanaparthy 
758871,Warangal (Rural)
1141530,Warangal (Urban)
780956,Yadadri Bhongir
